Class, WMC, DIT, NOC, CBO, RFC, LCOM, DAC, MPC, NOM, SIZE1, SIZE2
org.junit.experimental.theories.internal.org.junit.experimental.theories.internal.SpecificDataPointsSupplier, 13, 3, 0, 9, 23, 0, 0, 49, 1, 172, 5
org.junit.experimental.runners.org.junit.experimental.runners.Enclosed, 5, 4, 0, 7, 11, 0, 0, 9, 1, 45, 2
org.junit.internal.runners.statements.org.junit.internal.runners.statements.RunBefores, 4, 2, 0, 8, 8, 0, 1, 6, 2, 38, 5
org.junit.org.junit.Assume, 15, 1, 0, 7, 25, 0, 0, 20, 10, 71, 10
org.junit.experimental.theories.suppliers.org.junit.experimental.theories.suppliers.TestedOn, 1, 1, 0, 3, 1, 0, 0, 0, 1, 0, 1
org.junit.experimental.max.org.junit.experimental.max.MaxCore, 22, 1, 0, 16, 61, 0, 0, 70, 7, 220, 15
org.junit.runner.notification.org.junit.runner.notification.RunNotifier, 23, 1, 0, 10, 44, 0, 0, 33, 12, 155, 18
org.junit.runners.model.org.junit.runners.model.RunnerBuilder, 14, 1, 7, 11, 25, 0, 0, 18, 5, 106, 9
org.junit.internal.org.junit.internal.ComparisonCriteria, 17, 1, 2, 5, 22, 0, 0, 37, 2, 147, 5
org.junit.experimental.theories.org.junit.experimental.theories.ParameterSignature, 33, 1, 0, 17, 49, 0, 0, 49, 10, 262, 20
org.junit.internal.runners.rules.org.junit.internal.runners.rules.RuleMemberValidator, 17, 1, 0, 10, 42, 0, 0, 63, 1, 196, 19
org.junit.runners.model.org.junit.runners.model.Statement, 2, 1, 7, 3, 3, 0, 0, 1, 2, 3, 2
org.junit.runner.manipulation.org.junit.runner.manipulation.NoTestsRemainException, 1, 3, 0, 2, 2, 0, 0, 1, 1, 4, 2
org.junit.internal.runners.org.junit.internal.runners.InitializationError, 4, 3, 0, 6, 9, 0, 0, 5, 4, 28, 6
org.junit.internal.runners.org.junit.internal.runners.SuiteMethod, 5, 3, 1, 6, 14, 0, 0, 13, 2, 46, 2
org.junit.org.junit.BeforeClass, 0, 1, 0, 2, 0, 0, 0, 0, 0, 0, 0
org.junit.runner.manipulation.org.junit.runner.manipulation.Filter, 11, 1, 0, 6, 12, 0, 1, 5, 6, 42, 8
org.junit.internal.org.junit.internal.ExactComparisonCriteria, 2, 2, 0, 3, 4, 0, 0, 2, 1, 7, 2
junit.extensions.junit.extensions.TestDecorator, 6, 2, 2, 5, 11, 0, 1, 5, 6, 27, 7
org.junit.runner.org.junit.runner.FilterFactory, 1, 1, 0, 4, 1, 0, 0, 0, 1, 0, 1
org.junit.experimental.theories.internal.org.junit.experimental.theories.internal.ParameterizedAssertionError, 10, 4, 0, 8, 24, 0, 0, 21, 5, 79, 7
org.junit.org.junit.AssumptionViolatedException, 4, 5, 0, 8, 8, 0, 0, 4, 4, 21, 5
org.junit.experimental.theories.org.junit.experimental.theories.Theory, 1, 1, 0, 3, 1, 0, 0, 0, 1, 0, 1
org.junit.rules.org.junit.rules.Verifier, 4, 1, 1, 6, 5, 0, 0, 2, 2, 10, 3
org.junit.validator.org.junit.validator.PublicClassValidator, 4, 1, 0, 5, 12, 0, 0, 11, 2, 28, 4
junit.extensions.junit.extensions.RepeatedTest, 7, 3, 0, 5, 13, 0, 0, 10, 4, 47, 5
org.junit.experimental.max.org.junit.experimental.max.CouldNotReadCoreException, 1, 3, 0, 3, 2, 0, 0, 1, 1, 5, 2
org.junit.runner.manipulation.org.junit.runner.manipulation.Sortable, 1, 1, 0, 3, 1, 0, 0, 0, 1, 0, 1
junit.extensions.junit.extensions.TestSetup, 6, 3, 0, 6, 7, 0, 0, 3, 2, 17, 4
org.junit.runners.org.junit.runners.MethodSorters, 5, 2, 0, 5, 9, 0, 0, 6, 3, 62, 10
org.junit.rules.org.junit.rules.MethodRule, 1, 1, 0, 3, 1, 0, 0, 0, 1, 0, 1
org.junit.internal.runners.model.org.junit.internal.runners.model.MultipleFailureException, 1, 4, 0, 4, 2, 0, 0, 1, 1, 5, 2
org.junit.internal.org.junit.internal.JUnitSystem, 2, 1, 0, 3, 2, 0, 0, 0, 2, 0, 2
org.junit.runners.model.org.junit.runners.model.FrameworkMember, 11, 1, 2, 9, 17, 0, 0, 9, 6, 30, 9
org.junit.runners.org.junit.runners.ParentRunner, 54, 2, 2, 29, 106, 0, 1, 121, 6, 528, 38
org.junit.internal.org.junit.internal.MethodSorter, 6, 1, 0, 8, 13, 0, 0, 9, 1, 38, 6
junit.framework.junit.framework.TestSuite, 47, 1, 1, 20, 84, 1, 0, 150, 20, 501, 28
org.junit.internal.builders.org.junit.internal.builders.JUnit4Builder, 3, 2, 0, 6, 4, 0, 0, 2, 2, 8, 2
org.junit.internal.runners.org.junit.internal.runners.JUnit4ClassRunner, 27, 2, 0, 26, 67, 0, 0, 61, 5, 223, 20
org.junit.runners.model.org.junit.runners.model.RunnerScheduler, 2, 1, 0, 3, 2, 0, 0, 0, 2, 0, 2
org.junit.internal.runners.org.junit.internal.runners.ClassRoadie, 9, 1, 0, 9, 22, 0, 0, 26, 2, 124, 10
org.junit.runners.model.org.junit.runners.model.MultipleFailureException, 8, 3, 1, 8, 23, 0, 0, 21, 4, 82, 6
org.junit.rules.org.junit.rules.TestName, 3, 2, 0, 4, 5, 0, 0, 2, 2, 12, 4
org.junit.internal.runners.model.org.junit.internal.runners.model.EachTestNotifier, 9, 1, 0, 8, 20, 0, 0, 14, 6, 73, 9
org.junit.org.junit.AfterClass, 0, 1, 0, 2, 0, 0, 0, 0, 0, 0, 0
org.junit.internal.runners.org.junit.internal.runners.MethodValidator, 17, 1, 0, 9, 36, 0, 0, 75, 6, 227, 9
org.junit.internal.runners.org.junit.internal.runners.MethodRoadie, 18, 1, 0, 12, 46, 0, 0, 66, 4, 267, 13
org.junit.experimental.theories.org.junit.experimental.theories.ParametersSuppliedBy, 1, 1, 0, 3, 1, 0, 0, 0, 1, 0, 1
org.junit.experimental.categories.org.junit.experimental.categories.ExcludeCategories, 2, 2, 0, 5, 4, 0, 0, 2, 1, 8, 2
junit.framework.junit.framework.TestFailure, 7, 1, 0, 7, 18, 0, 1, 15, 7, 55, 9
org.junit.runner.notification.org.junit.runner.notification.StoppedByUserException, 1, 4, 0, 2, 2, 0, 0, 1, 1, 4, 2
org.junit.rules.org.junit.rules.Timeout, 11, 1, 0, 8, 23, 0, 0, 16, 6, 85, 13
org.junit.internal.requests.org.junit.internal.requests.ClassRequest, 5, 2, 0, 6, 8, 1, 1, 5, 3, 55, 7
org.junit.internal.runners.org.junit.internal.runners.ErrorReportingRunner, 12, 2, 0, 9, 25, 0, 0, 24, 3, 113, 8
org.junit.runners.model.org.junit.runners.model.NoGenericTypeParametersValidator, 14, 1, 0, 9, 23, 0, 0, 23, 0, 152, 7
org.junit.runner.org.junit.runner.Request, 12, 1, 3, 12, 30, 0, 0, 19, 12, 75, 12
org.junit.internal.builders.org.junit.internal.builders.AnnotatedBuilder, 10, 2, 0, 8, 18, 0, 1, 16, 3, 108, 6
org.junit.runners.model.org.junit.runners.model.FrameworkField, 15, 2, 0, 10, 26, 0, 0, 15, 10, 62, 13
org.junit.internal.org.junit.internal.RealSystem, 3, 1, 0, 4, 5, 0, 0, 2, 3, 8, 3
org.junit.internal.org.junit.internal.ArrayComparisonFailure, 6, 4, 0, 6, 21, 0, 0, 22, 4, 85, 7
org.junit.org.junit.Rule, 0, 1, 0, 2, 0, 0, 0, 0, 0, 0, 0
org.junit.internal.builders.org.junit.internal.builders.SuiteMethodBuilder, 5, 2, 0, 6, 7, 0, 0, 4, 3, 26, 3
org.junit.runner.org.junit.runner.Description, 41, 1, 0, 14, 63, 0, 0, 55, 23, 330, 37
junit.textui.junit.textui.TestRunner, 29, 2, 0, 11, 57, 0, 0, 61, 14, 275, 22
org.junit.experimental.categories.org.junit.experimental.categories.Categories, 30, 4, 0, 10, 42, 0, 0, 47, 1, 189, 12
junit.runner.junit.runner.BaseTestRunner, 59, 1, 1, 21, 95, 0, 0, 110, 19, 527, 36
org.junit.internal.runners.org.junit.internal.runners.TestMethod, 18, 1, 0, 11, 18, 0, 0, 14, 4, 87, 11
org.junit.runners.model.org.junit.runners.model.TestClass, 55, 1, 0, 26, 96, 0, 0, 102, 16, 494, 30
org.junit.experimental.theories.internal.org.junit.experimental.theories.internal.AllMembersSupplier, 39, 2, 1, 20, 66, 0, 0, 95, 2, 370, 17
org.junit.internal.org.junit.internal.AssumptionViolatedException, 12, 4, 1, 9, 14, 0, 0, 14, 7, 103, 12
org.junit.experimental.theories.internal.org.junit.experimental.theories.internal.BooleanSupplier, 2, 2, 0, 4, 6, 0, 0, 6, 2, 21, 2
org.junit.org.junit.Before, 0, 1, 0, 2, 0, 0, 0, 0, 0, 0, 0
org.junit.org.junit.After, 0, 1, 0, 2, 0, 0, 0, 0, 0, 0, 0
org.junit.experimental.categories.org.junit.experimental.categories.IncludeCategories, 2, 2, 0, 5, 4, 0, 0, 2, 1, 8, 2
org.junit.experimental.theories.internal.org.junit.experimental.theories.internal.EnumSupplier, 3, 2, 0, 7, 8, 0, 0, 6, 2, 40, 3
org.junit.runners.model.org.junit.runners.model.Annotatable, 2, 1, 0, 3, 2, 0, 0, 0, 2, 0, 2
org.junit.internal.org.junit.internal.TextListener, 17, 2, 0, 9, 42, 0, 0, 91, 6, 217, 13
org.junit.experimental.max.org.junit.experimental.max.MaxHistory, 17, 1, 0, 15, 37, 0, 0, 35, 3, 145, 16
org.junit.internal.matchers.org.junit.internal.matchers.TypeSafeMatcher, 15, 0, 0, 7, 19, 0, 0, 15, 2, 86, 7
org.junit.runner.manipulation.org.junit.runner.manipulation.Sorter, 6, 1, 0, 6, 11, 0, 0, 6, 4, 39, 7
org.junit.rules.org.junit.rules.RuleChain, 7, 1, 0, 8, 18, 0, 0, 13, 4, 57, 8
org.junit.rules.org.junit.rules.TestWatchman, 6, 1, 0, 6, 8, 0, 0, 2, 6, 14, 6
org.junit.experimental.theories.org.junit.experimental.theories.Theories, 27, 4, 0, 12, 55, 0, 0, 98, 2, 303, 9
junit.framework.junit.framework.ComparisonFailure, 4, 5, 0, 3, 8, 0, 0, 4, 4, 32, 8
org.junit.internal.runners.rules.org.junit.internal.runners.rules.ValidationError, 1, 3, 0, 7, 5, 0, 0, 4, 1, 21, 1
junit.runner.junit.runner.Version, 3, 1, 0, 3, 6, 0, 0, 3, 2, 9, 3
junit.framework.junit.framework.Test, 2, 1, 0, 3, 2, 0, 0, 0, 2, 0, 2
org.junit.runners.org.junit.runners.JUnit4, 2, 4, 0, 5, 2, 0, 0, 1, 1, 4, 1
org.junit.runner.org.junit.runner.Computer, 6, 1, 1, 8, 9, 0, 0, 5, 3, 21, 4
org.junit.internal.runners.statements.org.junit.internal.runners.statements.InvokeMethod, 3, 2, 0, 5, 4, 0, 0, 2, 2, 20, 4
org.junit.runner.notification.org.junit.runner.notification.SynchronizedRunListener, 19, 2, 0, 8, 25, 0, 0, 15, 10, 171, 13
org.junit.runners.model.org.junit.runners.model.FrameworkMethod, 36, 2, 0, 12, 53, 0, 0, 70, 18, 257, 22
junit.framework.junit.framework.Protectable, 1, 1, 0, 3, 1, 0, 0, 0, 1, 0, 1
org.junit.experimental.results.org.junit.experimental.results.ResultMatchers, 5, 1, 0, 4, 10, 0, 0, 5, 5, 21, 5
org.junit.rules.org.junit.rules.RunRules, 5, 2, 0, 6, 10, 0, 1, 7, 2, 32, 4
org.junit.runner.notification.org.junit.runner.notification.RunListener, 14, 1, 2, 6, 9, 0, 0, 1, 8, 10, 8
org.junit.experimental.categories.org.junit.experimental.categories.Category, 1, 1, 0, 3, 1, 0, 0, 0, 1, 0, 1
org.junit.internal.runners.statements.org.junit.internal.runners.statements.RunAfters, 6, 2, 0, 7, 11, 0, 1, 20, 2, 110, 5
org.junit.runners.model.org.junit.runners.model.TestTimedOutException, 3, 3, 0, 3, 8, 0, 0, 5, 3, 33, 6
org.junit.experimental.theories.internal.org.junit.experimental.theories.internal.Assignments, 34, 1, 0, 18, 51, 0, 0, 52, 10, 263, 18
org.junit.internal.org.junit.internal.Throwables, 5, 1, 0, 4, 5, 0, 0, 2, 1, 9, 3
org.junit.internal.org.junit.internal.Classes, 3, 1, 0, 5, 6, 0, 0, 4, 2, 9, 2
org.junit.experimental.results.org.junit.experimental.results.PrintableResult, 6, 1, 0, 10, 21, 0, 0, 16, 5, 50, 7
org.junit.validator.org.junit.validator.AnnotationValidator, 5, 1, 1, 6, 7, 0, 0, 2, 4, 13, 6
org.junit.internal.builders.org.junit.internal.builders.NullBuilder, 3, 2, 0, 6, 3, 0, 0, 1, 2, 5, 2
org.junit.experimental.results.org.junit.experimental.results.FailureList, 3, 1, 0, 9, 10, 0, 0, 8, 2, 38, 3
org.junit.runner.org.junit.runner.Result, 22, 1, 0, 14, 40, 1, 0, 27, 8, 140, 26
junit.framework.junit.framework.JUnit4TestAdapterCache, 13, 3, 0, 11, 30, 0, 0, 31, 5, 118, 9
junit.textui.junit.textui.ResultPrinter, 23, 1, 0, 12, 49, 0, 0, 104, 7, 259, 19
org.junit.org.junit.Assert, 109, 1, 0, 7, 132, 0, 0, 160, 54, 616, 67
org.junit.runner.org.junit.runner.Describable, 1, 1, 0, 2, 1, 0, 0, 0, 1, 0, 1
org.junit.validator.org.junit.validator.AnnotationsValidator, 4, 1, 0, 7, 14, 0, 0, 11, 2, 55, 4
org.junit.internal.runners.statements.org.junit.internal.runners.statements.ExpectException, 5, 2, 0, 8, 12, 0, 1, 21, 2, 71, 4
org.junit.org.junit.Test, 2, 1, 0, 4, 2, 0, 0, 0, 2, 0, 2
org.junit.internal.runners.org.junit.internal.runners.JUnit38ClassRunner, 26, 2, 1, 23, 48, 0, 1, 57, 7, 244, 13
org.junit.internal.runners.statements.org.junit.internal.runners.statements.FailOnTimeout, 30, 2, 0, 15, 58, 0, 1, 49, 3, 318, 18
org.junit.internal.matchers.org.junit.internal.matchers.ThrowableMessageMatcher, 7, 0, 0, 8, 16, 0, 0, 11, 3, 50, 8
org.junit.experimental.theories.org.junit.experimental.theories.PotentialAssignment, 4, 1, 0, 4, 6, 0, 0, 2, 4, 9, 4
org.junit.runners.parameterized.org.junit.runners.parameterized.BlockJUnit4ClassRunnerWithParameters, 28, 4, 0, 14, 55, 0, 0, 109, 2, 321, 14
org.junit.runners.parameterized.org.junit.runners.parameterized.ParametersRunnerFactory, 1, 1, 0, 4, 1, 0, 0, 0, 1, 0, 1
org.junit.validator.org.junit.validator.AnnotationValidatorFactory, 5, 1, 0, 6, 16, 0, 0, 20, 2, 66, 4
org.junit.internal.matchers.org.junit.internal.matchers.ThrowableCauseMatcher, 7, 0, 0, 8, 16, 0, 0, 11, 3, 50, 8
org.junit.experimental.theories.suppliers.org.junit.experimental.theories.suppliers.TestedOnSupplier, 3, 2, 0, 5, 9, 0, 0, 7, 2, 40, 2
org.junit.internal.builders.org.junit.internal.builders.AllDefaultPossibilitiesBuilder, 11, 2, 0, 11, 24, 0, 0, 17, 2, 85, 8
org.junit.rules.org.junit.rules.ExternalResource, 6, 1, 1, 6, 8, 0, 0, 3, 2, 15, 5
org.junit.internal.requests.org.junit.internal.requests.FilterRequest, 2, 2, 0, 5, 10, 0, 2, 8, 2, 46, 4
org.junit.runners.org.junit.runners.AllTests, 2, 4, 0, 5, 2, 0, 0, 1, 1, 4, 1
org.junit.runners.org.junit.runners.BlockJUnit4ClassRunner, 59, 3, 3, 20, 115, 0, 0, 124, 1, 494, 37
org.junit.experimental.categories.org.junit.experimental.categories.CategoryValidator, 7, 2, 0, 8, 21, 0, 0, 17, 2, 93, 5
org.junit.runner.org.junit.runner.JUnitCore, 15, 1, 0, 14, 50, 0, 0, 45, 12, 140, 15
org.junit.rules.org.junit.rules.TemporaryFolder, 35, 2, 0, 6, 39, 1, 0, 41, 10, 205, 18
org.junit.experimental.theories.org.junit.experimental.theories.ParameterSupplier, 2, 1, 4, 5, 3, 0, 0, 1, 2, 3, 2
junit.extensions.junit.extensions.ActiveTestSuite, 9, 2, 0, 9, 19, 0, 0, 11, 7, 56, 9
org.junit.org.junit.ComparisonFailure, 4, 4, 0, 3, 8, 0, 0, 4, 4, 32, 8
junit.framework.junit.framework.TestResult, 24, 1, 0, 13, 44, 0, 0, 46, 16, 228, 23
org.junit.internal.matchers.org.junit.internal.matchers.StacktracePrintingMatcher, 9, 0, 0, 9, 22, 0, 0, 15, 4, 67, 10
org.junit.experimental.categories.org.junit.experimental.categories.CategoryFilterFactory, 7, 1, 2, 11, 13, 0, 0, 9, 1, 47, 4
org.junit.rules.org.junit.rules.TestRule, 1, 1, 0, 3, 1, 0, 0, 0, 1, 0, 1
org.junit.runners.parameterized.org.junit.runners.parameterized.BlockJUnit4ClassRunnerWithParametersFactory, 3, 1, 0, 6, 4, 0, 0, 2, 2, 8, 2
org.junit.runner.org.junit.runner.FilterFactoryParams, 5, 1, 0, 4, 5, 0, 0, 2, 3, 25, 5
junit.framework.junit.framework.JUnit4TestCaseFacade, 5, 1, 0, 7, 9, 0, 0, 4, 4, 21, 6
org.junit.internal.runners.org.junit.internal.runners.TestClass, 28, 1, 0, 13, 34, 0, 0, 35, 6, 182, 13
org.junit.rules.org.junit.rules.ErrorCollector, 7, 2, 0, 11, 15, 0, 0, 9, 5, 45, 7
org.junit.org.junit.FixMethodOrder, 1, 1, 0, 3, 1, 0, 0, 0, 1, 0, 1
org.junit.internal.runners.org.junit.internal.runners.FailedBefore, 1, 3, 0, 2, 2, 0, 0, 1, 0, 4, 2
org.junit.runner.manipulation.org.junit.runner.manipulation.Filterable, 1, 1, 0, 4, 1, 0, 0, 0, 1, 0, 1
org.junit.runners.org.junit.runners.Parameterized, 29, 4, 0, 22, 51, 0, 1, 63, 1, 249, 14
org.junit.rules.org.junit.rules.TestWatcher, 19, 1, 1, 10, 32, 0, 0, 19, 2, 110, 18
junit.framework.junit.framework.Assert, 64, 1, 2, 3, 84, 0, 0, 100, 38, 372, 39
org.junit.internal.runners.statements.org.junit.internal.runners.statements.Fail, 3, 2, 0, 3, 3, 0, 0, 1, 2, 10, 3
org.junit.rules.org.junit.rules.ExpectedException, 23, 1, 0, 15, 39, 0, 0, 25, 10, 102, 20
org.junit.matchers.org.junit.matchers.JUnitMatchers, 11, 1, 0, 9, 22, 0, 0, 11, 11, 33, 11
org.junit.experimental.theories.org.junit.experimental.theories.DataPoint, 2, 1, 0, 4, 2, 0, 0, 0, 2, 0, 2
org.junit.internal.builders.org.junit.internal.builders.IgnoredBuilder, 3, 2, 0, 5, 5, 0, 0, 3, 2, 14, 2
junit.framework.junit.framework.JUnit4TestAdapter, 17, 1, 0, 18, 36, 0, 1, 25, 10, 107, 15
org.junit.runner.org.junit.runner.Runner, 4, 1, 5, 5, 7, 0, 0, 3, 4, 7, 4
org.junit.validator.org.junit.validator.ValidateWith, 1, 1, 0, 3, 1, 0, 0, 0, 1, 0, 1
org.junit.rules.org.junit.rules.DisableOnDebug, 9, 1, 0, 7, 16, 0, 1, 11, 3, 57, 7
junit.framework.junit.framework.ComparisonCompactor, 20, 1, 0, 3, 25, 3, 0, 53, 2, 266, 16
org.junit.runners.parameterized.org.junit.runners.parameterized.TestWithParameters, 15, 1, 0, 6, 25, 0, 0, 23, 7, 129, 11
org.junit.experimental.theories.org.junit.experimental.theories.DataPoints, 2, 1, 0, 4, 2, 0, 0, 0, 2, 0, 2
org.junit.rules.org.junit.rules.ExpectedExceptionMatcherBuilder, 9, 1, 0, 5, 19, 0, 0, 12, 0, 52, 8
org.junit.validator.org.junit.validator.TestClassValidator, 1, 1, 0, 3, 1, 0, 0, 0, 1, 0, 1
org.junit.org.junit.Ignore, 1, 1, 0, 3, 1, 0, 0, 0, 1, 0, 1
org.junit.internal.runners.model.org.junit.internal.runners.model.ReflectiveCallable, 4, 1, 0, 4, 6, 0, 0, 3, 2, 10, 3
org.junit.runners.org.junit.runners.Suite, 19, 3, 3, 12, 30, 0, 0, 21, 3, 99, 13
org.junit.runner.org.junit.runner.RunWith, 1, 1, 0, 3, 1, 0, 0, 0, 1, 0, 1
junit.framework.junit.framework.TestCase, 60, 2, 0, 12, 112, 0, 0, 79, 47, 327, 52
org.junit.internal.builders.org.junit.internal.builders.IgnoredClassRunner, 3, 2, 0, 6, 7, 0, 0, 4, 3, 16, 4
junit.framework.junit.framework.TestListener, 4, 1, 0, 5, 4, 0, 0, 0, 4, 0, 4
org.junit.runner.org.junit.runner.JUnitCommandLineParseResult, 22, 1, 0, 12, 46, 0, 0, 60, 4, 278, 14
org.junit.runner.notification.org.junit.runner.notification.Failure, 7, 1, 0, 8, 19, 0, 0, 16, 7, 56, 10
org.junit.rules.org.junit.rules.Stopwatch, 16, 1, 0, 9, 25, 1, 0, 14, 3, 84, 17
org.junit.runners.model.org.junit.runners.model.InitializationError, 4, 3, 0, 6, 9, 0, 0, 5, 4, 28, 6
org.junit.experimental.org.junit.experimental.ParallelComputer, 11, 2, 0, 8, 13, 0, 0, 9, 4, 60, 8
junit.runner.junit.runner.TestRunListener, 6, 1, 0, 3, 6, 0, 0, 0, 6, 2, 8
junit.framework.junit.framework.AssertionFailedError, 4, 4, 1, 3, 6, 0, 0, 3, 2, 15, 4
org.junit.internal.builders.org.junit.internal.builders.JUnit3Builder, 5, 2, 0, 6, 7, 0, 0, 4, 2, 18, 3
org.junit.runner.org.junit.runner.FilterFactories, 12, 1, 0, 11, 21, 0, 0, 18, 3, 84, 6
org.junit.internal.org.junit.internal.InexactComparisonCriteria, 4, 2, 0, 3, 10, 0, 0, 12, 2, 42, 4
org.junit.org.junit.ClassRule, 0, 1, 0, 2, 0, 0, 0, 0, 0, 0, 0
org.junit.experimental.theories.org.junit.experimental.theories.FromDataPoints, 1, 1, 0, 3, 1, 0, 0, 0, 1, 0, 1
org.junit.internal.requests.org.junit.internal.requests.SortingRequest, 2, 2, 0, 5, 6, 0, 1, 4, 2, 24, 4
